id,brand,title,description,price,priceCurrency,cluster_id,url,title_description,model,model_number,product_type,chipset_name,vram_gb,storage_gb,read_speed_mb_s,write_speed_mb_s,bus_type,interface_type,width_mm,length_mm,height_mm,weight_g,storage_connection_type,memory_type,color,form_factor
9482772,Western Digital,Western Digital WD Elements Desktop external hard drive 4000 GB Black,"4 TB, USB 3.0 Micro-B, 5Gbps, 950g",145.25,EUR,1077512,https://repairtech.ie/product/western-digital-wd-elements-desktop-external-hard-drive-4000-gb-black,"Western Digital WD Elements Desktop external hard drive 4000 GB Black. Description: 4 TB, USB 3.0 Micro-B, 5Gbps, 950g",WD Elements Desktop,,HDD,,,4000.0,,,USB 3.0,Micro-B,,,,950.0,,,Black,
19126355,Gigabyte,Gigabyte NVIDIA GeForce RTX 3080 10GB GAMING OC Ampere Graphics Card,"Gigabyte NVIDIA GeForce RTX 3080 GAMING OC 10GB GDDR6X Ray-Tracing Graphics Card, 8704 Core, 1440MHz Core, 1800MHz Boost",99999.99,GBP,1002037,https://www.scan.co.uk/products/gigabyte-nvidia-geforce-rtx-3080-gaming-oc-10gb-gddr6x-ray-tracing-graphics-card,"Gigabyte NVIDIA GeForce RTX 3080 10GB GAMING OC Ampere Graphics Card. Description: Gigabyte NVIDIA GeForce RTX 3080 GAMING OC 10GB GDDR6X Ray-Tracing Graphics Card, 8704 Core, 1440MHz Core, 1800MHz Boost",GeForce RTX 3080 10GB GAMING OC,,GPU,GeForce RTX 3080,10.0,,,,,,,,,,,GDDR6X,,
18920928,Western Digital,HDX 3.5 4Tb WD WDBWLG0040HBK-EESN,"Western Digital Elements Desktop 4TB. Capacità hard disk: 4000 GB,",93.55,,1077512,https://www.esseshop.it/hdx-35-4tb-wd-wdbwlg0040hbkeesn-p-34881.html,"HDX 3.5 4Tb WD WDBWLG0040HBK-EESN. Description: Western Digital Elements Desktop 4TB. Capacità hard disk: 4000 GB,",Western Digital Elements Desktop,WDBWLG0040HBK-EESN,HDD,,,4000.0,,,,,,,,,3.5,,,3.5
84470461,Asus,Asus Dual GeForce GTX 1650 OC 4GB 128-Bit Edition Graphics Card | 90YV0CV2-M0NA00,896 CUDA CoresTuring Architecture4GB of GDDR5 VRAM8 Gb/s Memory Speed128-Bit Memory InterfaceDisplayPort 1.4 | HDMI 2.0b | DVI-D DLDual Wing-Blade Fans,731.5,AED,1021594,https://pcdubai.com/product/asus-dual-geforce-gtx-1650-oc-4gb-128-bit-edition-graphics-card-90yv0cv2-m0na00,Asus Dual GeForce GTX 1650 OC 4GB 128-Bit Edition Graphics Card | 90YV0CV2-M0NA00. Description: 896 CUDA CoresTuring Architecture4GB of GDDR5 VRAM8 Gb/s Memory Speed128-Bit Memory InterfaceDisplayPort 1.4 | HDMI 2.0b | DVI-D DLDual Wing-Blade Fans,Dual GeForce GTX 1650 OC 4GB 128-Bit Edition,90YV0CV2-M0NA00,GPU,GeForce GTX 1650,4.0,,,,,,,,,,,GDDR5,,
85543109,Asus,Asus GeForce GTX 1650 Phoenix OC Edition 4GB 128-Bit Graphics Card | 90YV0CV0-M0NA00,896 CUDA CoresTuring Architecture4GB of GDDR5 VRAM8 Gb/s Memory Speed128-Bit Memory InterfaceDisplayPort 1.4 | HDMI 2.0b | DVI-D DLSingle-Fan Cooler,694.93,AED,1014152,https://pcdubai.com/product/asus-geforce-gtx-1650-phoenix-oc-edition-4gb-128-bit-graphics-card-90yv0cv0-m0na00,Asus GeForce GTX 1650 Phoenix OC Edition 4GB 128-Bit Graphics Card | 90YV0CV0-M0NA00. Description: 896 CUDA CoresTuring Architecture4GB of GDDR5 VRAM8 Gb/s Memory Speed128-Bit Memory InterfaceDisplayPort 1.4 | HDMI 2.0b | DVI-D DLSingle-Fan Cooler,GeForce GTX 1650 Phoenix OC Edition,90YV0CV0-M0NA00,GPU,GeForce GTX 1650,4.0,,,,,,,,,,,GDDR5,,
35384524,Patriot,SSD 240GB 2.5'' PATRIOT Burst SATA3 R/W:555/500 MB/s 3D NAND,SSD 240GB 2.5'' Patriot Burst SATA3 R/W:555/500 MB/s 3D NAND,138.41,LEI,1068495,https://www.it-fashion.ro/shop/ssd-240gb-2.5-patriot-burst-sata3-r-w-555-500-mb-s-3d-nand.html,SSD 240GB 2.5'' PATRIOT Burst SATA3 R/W:555/500 MB/s 3D NAND. Description: SSD 240GB 2.5'' Patriot Burst SATA3 R/W:555/500 MB/s 3D NAND,Burst,,SSD,,,240.0,555.0,500.0,SATA III,SATA,,,,,2.5'' SATA,,,2.5''
34412534,ADATA,XPG GAMMIX 1TB S11 Pro 3D NAND PCIe NVMe Gen3x4 M.2 2280 SSD (AGAMMIXS11P-1TT-C),"Employing the extra-fast PCIe Gen3x4 interface and supporting NVMe 1.3, the GAMMIX S11 Pro delivers blazing fast read/write speeds of up to 3500/3000MB per second. What’s more, the S11 Pro is encased in a heatsink that reduces the SSD's temperatures by up to 10°C. Equipped with 3D NAND Flash along with SLC Caching, a DRAM Cache Buffer, End-to-End Data Protection, and LDPC ECC technology, it maintains high speeds and data integrity even during intense gaming, rendering, overclocking, and other",139.99,USD,1045382,https://www.orion-web.net/rnwp/1269/xpg-gammix-1tb-s11-pro-3d-nand-pcie-nvme-gen3x4-m-2-2280-ssd-agammixs11p-1tt-c,"XPG GAMMIX 1TB S11 Pro 3D NAND PCIe NVMe Gen3x4 M.2 2280 SSD (AGAMMIXS11P-1TT-C). Description: Employing the extra-fast PCIe Gen3x4 interface and supporting NVMe 1.3, the GAMMIX S11 Pro delivers blazing fast read/write speeds of up to 3500/3000MB per second. What’s more, the S11 Pro is encased in a heatsink that reduces the SSD's temperatures by up to 10°C. Equipped with 3D NAND Flash along with SLC Caching, a DRAM Cache Buffer, End-to-End Data Protection, and LDPC ECC technology, it maintains high speeds and data integrity even during intense gaming, rendering, overclocking, and other",GAMMIX S11 Pro,AGAMMIXS11P-1TT-C,SSD,,,1000.0,3500.0,3000.0,PCIe 3.0 x4,NVMe,,,,,M.2,,,M.2 2280
93023962,Asus,Asus ROG Strix GeForce RTX 2080 Super Advanced 8GB Gaming Graphics Card,"Cuda Cores: 3072, Boost Clock: 1860MHz, GDDR6, 256-bit Memory, Mem Clock: 15.5Ghz, Ray Tracing, 2 x DisplayPort, 2 x HDMI, 1 x Type-C, 3 yr Warranty",,,1036963,https://www.novatech.co.uk/products/asus-rog-strix-geforce-rtx-2080-super-advanced-8gb-gaming-graphics-card/rog-strix-rtx2080s-a8g-gaming.html,"Asus ROG Strix GeForce RTX 2080 Super Advanced 8GB Gaming Graphics Card. Description: Cuda Cores: 3072, Boost Clock: 1860MHz, GDDR6, 256-bit Memory, Mem Clock: 15.5Ghz, Ray Tracing, 2 x DisplayPort, 2 x HDMI, 1 x Type-C, 3 yr Warranty",ROG Strix GeForce RTX 2080 Super Advanced 8GB Gaming,,GPU,GeForce RTX 2080 Super,8.0,,,,,,,,,,,GDDR6,,
55714499,Sandisk,Pendrive Sandisk PEN Drive SDCZ50-128G-B35,Cruzer Blade 128GB,19.16,EUR,1068990,https://mir-informatica.com/perifericos/21470-SDCZ50-128G-B35.html,Pendrive Sandisk PEN Drive SDCZ50-128G-B35. Description: Cruzer Blade 128GB,Cruzer Blade,SDCZ50-128G-B35,USB_STICK,,,128.0,,,,,,,,,,,,
34820113,,"Radeon Pro WX 4100, 925 - 1170MHz, 4GB GDDR5, Graphics Card","World’s Fastest Low-Profile Workstation Graphics CardContent creation has evolved over the past ten years, and so have the demands of the designers and creators. CAD professionals want flexible, sleek, and quiet small form-factor workstations. Radeon™ Pro WX 4100 delivers the performance and reliability workstation users need to get their job done.Great Performance in a Small Form FactorPurpose-built for CAD professionals, the Radeon™ Pro WX 4100 graphics card is the world’s fastest low-profile workstation graphics solution available today1, delivering up to 2.4 TFLOPS of compute performance. Based on 14nm FinFET technology, the Radeon Pro WX 4100 GPU contains the latest innovations found in the state-of-the-art Polaris GPU architecture.Planned ISV CertificationsThe Radeon Pro certification team is working diligently with our ISV partners to ensure certification on many of the popular applications that are being used in the Design and Manufacturing spaces, making certain that the Radeon™ Pro WX 4100 graphics card is properly supported on key applications so you can have a hassle-free experience.Quality You Can TrustRadeon™ Pro WX is the embodiment of innovation and design within the Radeon Technologies Group. Great care is taken into crafting each product to ensure quality and reliability are at the highest of standards. We are proud to stand behind our three year limited warranty (see details at www.amd.com/Warranty) and optional seven year extended limited warranty also available (see details and requirements at www.amd.com/ExtendedWarranty).",268.85,USD,1050421,https://www.avadirect.com/Radeon-Pro-WX-4100-925-1170MHz-4GB-GDDR5-Graphics-Card/Product/10913438,"Radeon Pro WX 4100, 925 - 1170MHz, 4GB GDDR5, Graphics Card. Description: World’s Fastest Low-Profile Workstation Graphics CardContent creation has evolved over the past ten years, and so have the demands of the designers and creators. CAD professionals want flexible, sleek, and quiet small form-factor workstations. Radeon™ Pro WX 4100 delivers the performance and reliability workstation users need to get their job done.Great Performance in a Small Form FactorPurpose-built for CAD professionals, the Radeon™ Pro WX 4100 graphics card is the world’s fastest low-profile workstation graphics solution available today1, delivering up to 2.4 TFLOPS of compute performance. Based on 14nm FinFET technology, the Radeon Pro WX 4100 GPU contains the latest innovations found in the state-of-the-art Polaris GPU architecture.Planned ISV CertificationsThe Radeon Pro certification team is working diligently with our ISV partners to ensure certification on many of the popular applications that are being used in the Design and Manufacturing spaces, making certain that the Radeon™ Pro WX 4100 graphics card is properly supported on key applications so you can have a hassle-free experience.Quality You Can TrustRadeon™ Pro WX is the embodiment of innovation and design within the Radeon Technologies Group. Great care is taken into crafting each product to ensure quality and reliability are at the highest of standards. We are proud to stand behind our three year limited warranty (see details at www.amd.com/Warranty) and optional seven year extended limited warranty also available (see details and requirements at www.amd.com/ExtendedWarranty).",Radeon Pro WX 4100,,GPU,Radeon Pro WX 4100,4.0,,,,,,,,,,,GDDR5,,
33177591,Gigabyte,Gigabyte GV-N166SOC-6GD graphics card NVIDIA GeForce GTX 1660 SUPER 6 GB GDDR6,"Gigabyte GV-N166SOC-6GD, GeForce GTX 1660 SUPER, 6 GB, GDDR6, 1920 bit, 7680 x 4320 pixels, PCI Express x16 3.0",,EUR,1028734,https://www.copaco.com/en-be/hardware/gigabyte-gv-n166soc-6gd-graphics-card-nvidia-geforce-gtx-1660-super-6-gb-gddr6-gig-gv-n166soc-6gd,"Gigabyte GV-N166SOC-6GD graphics card NVIDIA GeForce GTX 1660 SUPER 6 GB GDDR6. Description: Gigabyte GV-N166SOC-6GD, GeForce GTX 1660 SUPER, 6 GB, GDDR6, 1920 bit, 7680 x 4320 pixels, PCI Express x16 3.0",GV-N166SOC-6GD,GV-N166SOC-6GD,GPU,GeForce GTX 1660 Super,6.0,,,,PCIe 3.0 x16,,,,,,,GDDR6,,
66038575,Asus,ASUS 90YV0DQ0-M0NA00 videokaart NVIDIA GeForce RTX 2060 SUPER 8 GB GDDR6,ROG-STRIX-RTX2060S-O8G-EVO-GAMINGROG Strix GeForce® RTX 2060 SUPER™ EVO OC edition 8GB GDDR6 with powerful cooling for higher refresh rates and a super performance boost,497.0,EUR,1038355,https://www.mymediacenter.nl/asus-rog-strix-rtx2060s-o8g-evo-gaming-8gbhdmidpac.html,ASUS 90YV0DQ0-M0NA00 videokaart NVIDIA GeForce RTX 2060 SUPER 8 GB GDDR6. Description: ROG-STRIX-RTX2060S-O8G-EVO-GAMINGROG Strix GeForce® RTX 2060 SUPER™ EVO OC edition 8GB GDDR6 with powerful cooling for higher refresh rates and a super performance boost,ROG Strix GeForce RTX 2060 SUPER EVO OC edition,90YV0DQ0-M0NA00,GPU,GeForce RTX 2060 Super,8.0,,,,,,,,,,,GDDR6,,
280012,ADATA,XPG GAMMIX S11 Pro M.2 1000 GB PCI Express 3.0 3D TLC NVMe,ADATA XPG GAMMIX S11 PRO,137.44,EUR,1045382,https://pcacierto.com/tienda/xpg-gammix-s11-pro-m-2-1000-gb-pci-express-3-0-3d-tlc-nvme,XPG GAMMIX S11 Pro M.2 1000 GB PCI Express 3.0 3D TLC NVMe. Description: ADATA XPG GAMMIX S11 PRO,XPG GAMMIX S11 PRO,,SSD,,,1000.0,,,PCIe 3.0,NVMe,,,,,M.2,,,M.2
12318405,Kingston,Kingston Data Traveler Vault Privacy 3.016 Gb,Kingston DataTraveler Vault Privacy 3.0Kingston’s DataTraveler® Vault Privacy 3.0 (DTVP 3.0) USB ...,,AUD,1023407,https://zeppgear.com.au/products/kingston-data-traveler-vault-privacy-3-0-16-gb,Kingston Data Traveler Vault Privacy 3.016 Gb. Description: Kingston DataTraveler Vault Privacy 3.0Kingston’s DataTraveler® Vault Privacy 3.0 (DTVP 3.0) USB ...,Data Traveler Vault Privacy 3.0,,USB_STICK,,,16.0,,,USB 3.0,,,,,,,,,
48009265,Asrock,"Asrock , Radeon Rx 550, 2 Gb, Gddr5, 128 Bit, 5120 X 2880 Pixeles,",", Radeon Rx 550, 2 Gb, Gddr5, 128 Bit, 5120 X 2880 Pixeles, Pci Express X16 3.0",99.19,EUR,1080185,https://powertechbcn.com/es/tarjetas-graficas/662-asrock-radeon-rx-550-2-gb-gddr5-128-bit-5120-x-2880-pixeles-4717677335842.html,"Asrock , Radeon Rx 550, 2 Gb, Gddr5, 128 Bit, 5120 X 2880 Pixeles,. Description: , Radeon Rx 550, 2 Gb, Gddr5, 128 Bit, 5120 X 2880 Pixeles, Pci Express X16 3.0",Radeon Rx 550,,GPU,Radeon RX 550,2.0,,,,PCIe 3.0 x16,,,,,,,Gddr5,,
17787075,Kingston,"16 GB Kingston DataTraveler Vault Privacy 3.0, USB 3.0, 256-bit AES Encrypted FIPS 197","Kingston DataTraveler Vault Privacy USB3.0 minne, 16GB, 256-bit AES-kryptering, FIP 197, svart/blå",875.0,SEK,1023407,https://databyran.nu/produkter/61216,"16 GB Kingston DataTraveler Vault Privacy 3.0, USB 3.0, 256-bit AES Encrypted FIPS 197. Description: Kingston DataTraveler Vault Privacy USB3.0 minne, 16GB, 256-bit AES-kryptering, FIP 197, svart/blå",DataTraveler Vault Privacy 3.0,,USB_STICK,,,16.0,,,USB 3.0,,,,,,,,svart/blå,
27951279,Asus,ASUS ROG -STRIX-RTX2080S-A8G-GAMING GeForce RTX 2080 SUPER 8 GB GDDR6,"ASUS ROG ROG-STRIX-RTX2080S-A8G-GAMING, GeForce RTX 2080 SUPER, 8 GB, GDDR6, 256 bit, 7680 x 4320 Pixel, PCI Express 3.0",1046.75,EUR,1036963,https://www.computerunion.it/geforce/43703-asus-rog-strix-rtx2080s-a8g-gaming-geforce-rtx-2080-super-8-gb-gddr6-4718017434959.html,"ASUS ROG -STRIX-RTX2080S-A8G-GAMING GeForce RTX 2080 SUPER 8 GB GDDR6. Description: ASUS ROG ROG-STRIX-RTX2080S-A8G-GAMING, GeForce RTX 2080 SUPER, 8 GB, GDDR6, 256 bit, 7680 x 4320 Pixel, PCI Express 3.0",ROG-STRIX-RTX2080S-A8G-GAMING,ROG-STRIX-RTX2080S-A8G-GAMING,GPU,GeForce RTX 2080 Super,8.0,,,,PCIe 3.0,,,,,,,GDDR6,,
65648969,ADATA,XPG GAMMIX Gaming SSD S11 Pro Series: 1TB Internal PCIe Gen3x4 M.2 2280 (NVMe),XPG GAMMIX Gaming SSD S11 Pro Series: 1TB Internal PCIe Gen3x4 M.2 2280 (NVMe),119.99,USD,1045382,https://www.newegg.com/xpg-1tb-gammix-s11-pro/p/0D9-00DF-00009?Item=9SIAJNUA6V6278&buyingoptions=New,XPG GAMMIX Gaming SSD S11 Pro Series: 1TB Internal PCIe Gen3x4 M.2 2280 (NVMe). Description: XPG GAMMIX Gaming SSD S11 Pro Series: 1TB Internal PCIe Gen3x4 M.2 2280 (NVMe),GAMMIX Gaming SSD S11 Pro Series,,SSD,,,1000.0,,,PCIe 3.0 x4,NVMe,,,,,M.2,,,M.2 2280
86949980,MSI,MSI GeForce GTX 1660 Ti GAMING X 6G PCI Express x16 3.0 6GB GDDR6 192-bit | 912-V375-040,Twin Frozr 7 Thermal DesignRGB Mystic LightDragon Center,1400.3,AED,1029916,https://pcdubai.com/product/msi-geforce-gtx-1660-ti-gaming-x-6g-pci-express-x16-3-0-6gb-gddr6-192-bit-912-v375-040,MSI GeForce GTX 1660 Ti GAMING X 6G PCI Express x16 3.0 6GB GDDR6 192-bit | 912-V375-040. Description: Twin Frozr 7 Thermal DesignRGB Mystic LightDragon Center,GeForce GTX 1660 Ti GAMING X 6G,912-V375-040,GPU,GeForce GTX 1660 Ti,6.0,,,,PCIe 3.0 x16,,,,,,,GDDR6,,
70500995,Western Digital,WD GREEN SSD 480GB SATA III 6GB/S M.2 2280,Form Factor: M.2 2280 Capacity: 480GB Interface: SATA III,216.0,AED,107546,https://izone365.com/product/wd-green-ssd-480gb-sata-iii-6gb-s-m-2-2280,WD GREEN SSD 480GB SATA III 6GB/S M.2 2280. Description: Form Factor: M.2 2280 Capacity: 480GB Interface: SATA III,GREEN,,SSD,,,480.0,,,SATA III,SATA III,,,,,M.2,,,M.2 2280
75097345,Asus,Asus ROG Strix GeForce RTX™ 2080 Ti OC edition 11GB Graphics Card,"Cuda Cores: 4352, Boost Clock: 1650MHz, GDDR6, 352-bit Memory, Memory Clock: 14000Mhz, Ray Tracing, 2 x DisplayPort, 2 x HDMI, 1 x USB Type-C, 3 Year",,,1063063,https://www.novatech.co.uk/products/asus-rog-strix-geforce-rtx-2080-ti-oc-edition-11gb-graphics-card/90yv0cc0-m0nm00.html,"Asus ROG Strix GeForce RTX™ 2080 Ti OC edition 11GB Graphics Card. Description: Cuda Cores: 4352, Boost Clock: 1650MHz, GDDR6, 352-bit Memory, Memory Clock: 14000Mhz, Ray Tracing, 2 x DisplayPort, 2 x HDMI, 1 x USB Type-C, 3 Year",ROG Strix GeForce RTX™ 2080 Ti OC edition,,GPU,GeForce RTX 2080 Ti,11.0,,,,,,,,,,,GDDR6,,
89923273,Asus,ASUS 90YV0DQ0-M0NA00 scheda video GeForce RTX 2060 SUPER 8 GB GDDR6,"ASUS 90YV0DQ0-M0NA00, GeForce RTX 2060 SUPER, 8 GB, GDDR6, 256 bit, 7680 x 4320 Pixel, PCI Express 4.0",644.15,EUR,1038355,https://www.computerunion.it/geforce/43664-asus-90yv0dq0-m0na00-scheda-video-geforce-rtx-2060-super-8-gb-gddr6-4718017494908.html,"ASUS 90YV0DQ0-M0NA00 scheda video GeForce RTX 2060 SUPER 8 GB GDDR6. Description: ASUS 90YV0DQ0-M0NA00, GeForce RTX 2060 SUPER, 8 GB, GDDR6, 256 bit, 7680 x 4320 Pixel, PCI Express 4.0",,90YV0DQ0-M0NA00,GPU,GeForce RTX 2060 Super,8.0,,,,PCIe 4.0,,,,,,,GDDR6,,
86084034,Transcend,"Transcend SSD220 2.5\"" 120GB SATA III Solid State Drive",With Super Fluid performance due to it's SATA III interface and super Smooth 550Mbps read speed .,21.44,GBP,1066948,https://www.cclonline.com/product/211591/TS120GSSD220S/Solid-State-Drives-SSDs-/Transcend-SSD220-120GB-2-5-SATA-III-Solid-State-Drive/SSD0494,"Transcend SSD220 2.5\"" 120GB SATA III Solid State Drive. Description: With Super Fluid performance due to it's SATA III interface and super Smooth 550Mbps read speed .",SSD220,,SSD,,,120.0,550.0,,SATA III,SATA,,,,,2.5-inch SATA,,,"2.5"""
58331719,Asus,VIDEO GEFORCE GTX 1650 4GB ASUS PHOENIX OC,"Graphics EngineNVIDIA® GeForce GTX 1650Bus StandardPCI Express 3.0OpenGLOpenGL®4.6Video MemoryGDDR5 4GBEngine ClockOC Mode - GPU Boost Clock : 1710 MHz , GPU Base Clock : 1515 MHzGaming Mode (Default) - GPU Boost Clock : 1680 MHz , GPU Base Clock : 1485 MHzCUDA Core896Memory Clock8002 MHzMemory Interface128-bitResolutionDigital Max Resolution:7680x4320InterfaceDVI Output : Yes x 1 (Native) (DVI-D)HDMI Output : Yes x 1 (Native) (HDMI 2.0b)Display Port : Yes x 1 (Native) (DisplayPort 1.4)HDCP Support : Yes (2.2)Maximum Display Support3NVlink/ Crossfire SupportNoRecommended PSU300WAccessories1 x CD1 x Quick GuideSoftwareASUS GPU Tweak II & DriverDimensions7.48 "" x 4.33 "" x 1.49 "" Inch19 x 11 x 3.8 CentimeterSlot2 slot",19970.0,ARS,1014152,https://www.fullh4rd.com.ar/prod/12574/video-geforce-gtx-1650-4gb-asus-phoenix-oc,"VIDEO GEFORCE GTX 1650 4GB ASUS PHOENIX OC. Description: Graphics EngineNVIDIA® GeForce GTX 1650Bus StandardPCI Express 3.0OpenGLOpenGL®4.6Video MemoryGDDR5 4GBEngine ClockOC Mode - GPU Boost Clock : 1710 MHz , GPU Base Clock : 1515 MHzGaming Mode (Default) - GPU Boost Clock : 1680 MHz , GPU Base Clock : 1485 MHzCUDA Core896Memory Clock8002 MHzMemory Interface128-bitResolutionDigital Max Resolution:7680x4320InterfaceDVI Output : Yes x 1 (Native) (DVI-D)HDMI Output : Yes x 1 (Native) (HDMI 2.0b)Display Port : Yes x 1 (Native) (DisplayPort 1.4)HDCP Support : Yes (2.2)Maximum Display Support3NVlink/ Crossfire SupportNoRecommended PSU300WAccessories1 x CD1 x Quick GuideSoftwareASUS GPU Tweak II & DriverDimensions7.48 "" x 4.33 "" x 1.49 "" Inch19 x 11 x 3.8 CentimeterSlot2 slot",PHOENIX OC,,GPU,GeForce GTX 1650,4.0,,,,PCIe 3.0,,433.0,,,,,GDDR5,,
59982711,,GeForce GTX 1660 Ti GAMING X 6G,SpecificationsModel NameGeForce® GTX 1660 Ti GAMING X 6GGraphics Processing UnitNVIDIA® GeForce® GTX 1660 TiInterfacePCI Express x16 3.0Cores1536 UnitsCore ClocksBoost: 1875 MHzMemory Speed12 GbpsMemory6GB GDDR6Memory Bus192-bitOutputDisplayPort x 3 (v1.4) / HDMI 2.0b x 1HDCP Support2.2Power consumption130 WPower connectors8-pin x 1Recommended PSU450 WCard Dimension(mm247 x 127 x 46 mmWeight (Card / Package)869 g / 1511 gAfterburner OCYDirectX Version Support12 APIOpenGL Version Support4.5Maximum Displays4VR ReadyYG-SYNC® technologyYDigital Maximum Resolution7680 x 4320,1350.0,AED,1029916,https://samspc.com/products/gtx-1660-ti-gaming-x-6g,GeForce GTX 1660 Ti GAMING X 6G. Description: SpecificationsModel NameGeForce® GTX 1660 Ti GAMING X 6GGraphics Processing UnitNVIDIA® GeForce® GTX 1660 TiInterfacePCI Express x16 3.0Cores1536 UnitsCore ClocksBoost: 1875 MHzMemory Speed12 GbpsMemory6GB GDDR6Memory Bus192-bitOutputDisplayPort x 3 (v1.4) / HDMI 2.0b x 1HDCP Support2.2Power consumption130 WPower connectors8-pin x 1Recommended PSU450 WCard Dimension(mm247 x 127 x 46 mmWeight (Card / Package)869 g / 1511 gAfterburner OCYDirectX Version Support12 APIOpenGL Version Support4.5Maximum Displays4VR ReadyYG-SYNC® technologyYDigital Maximum Resolution7680 x 4320,GeForce GTX 1660 Ti GAMING X 6G,,GPU,GeForce GTX 1660 Ti,6.0,,,,PCIe 3.0 x16,,127.0,247.0,46.0,869.0,,GDDR6,,
96620640,AMD,AMD Radeon Pro WX 4100 4GB Workstation Video Card,"AMD Radeon Pro WX 4100 4GB Workstation Video Card - 4GB GDDR5 128 bit - Peak Engine Clock: 1201MHz, Typical Engine Clock: 1125MHz - 4x Mini DisplayPort 1.4 - PCIe 3.0 x8 - 1x 5K Monitor Support (single or dual cable) - DirectX 12 - 100-506008 - 3 Years Limited Warranty",569.0,AUD,1050421,https://www.auspcmarket.com.au/video-cards/workstation-video-cards/amd-radeon-pro-wx-4100-4gb-workstation-video-card,"AMD Radeon Pro WX 4100 4GB Workstation Video Card. Description: AMD Radeon Pro WX 4100 4GB Workstation Video Card - 4GB GDDR5 128 bit - Peak Engine Clock: 1201MHz, Typical Engine Clock: 1125MHz - 4x Mini DisplayPort 1.4 - PCIe 3.0 x8 - 1x 5K Monitor Support (single or dual cable) - DirectX 12 - 100-506008 - 3 Years Limited Warranty",Radeon Pro WX 4100,100-506008,GPU,Radeon Pro WX 4100,4.0,,,,PCIe 3.0 x8,,,,,,,GDDR5,,
53085468,Samsung,Samsung 860 Evo 4TB Solid State Drive/SSD,"MZ-76E4T0B/EU, Samsung 860 Evo 4TB SSD, Read Speed: 550MB/Sec, Write Speed: 520MB/Sec, Flash: Samsung V-NAND 3bit MLC",539.99,GBP,1057972,https://www.novatech.co.uk/products/samsung-860-evo-4tb-solid-state-drivessd/mz-76e4t0beu.html,"Samsung 860 Evo 4TB Solid State Drive/SSD. Description: MZ-76E4T0B/EU, Samsung 860 Evo 4TB SSD, Read Speed: 550MB/Sec, Write Speed: 520MB/Sec, Flash: Samsung V-NAND 3bit MLC",860 Evo,MZ-76E4T0B/EU,SSD,,,4000.0,550.0,520.0,,,,,,,,,,
66956099,Gigabyte,Gigabyte Video Card GV-N3080GAMING OC-10GD GeForce RTX 3080 GAMING OC 10GB GDDR6X Retail,Gigabyte Video Card GV-N3080GAMING OC-10GD GeForce RTX 3080 GAMING OC 10GB GDDR6X Retail,791.99,USD,1002037,https://www.thekeykey.com/detail/GV-N3080GAMING-OC-10GD/?name=247479,Gigabyte Video Card GV-N3080GAMING OC-10GD GeForce RTX 3080 GAMING OC 10GB GDDR6X Retail. Description: Gigabyte Video Card GV-N3080GAMING OC-10GD GeForce RTX 3080 GAMING OC 10GB GDDR6X Retail,GeForce RTX 3080 GAMING OC,GV-N3080GAMING OC-10GD,GPU,GeForce RTX 3080,10.0,,,,,,,,,,,GDDR6X,,
13417604,Zotac,ZOTAC GeForce RTX 2070 SUPER -Demo,"Grafikkort, PCI-Express 3.0, 8GB GDDR6, Turing",5649.0,SEK,1075342,https://www.komplett.se/product/1155034/demovaror/datorutrustning/demo-grafikkort/zotac-geforce-rtx-2070-super-demo,"ZOTAC GeForce RTX 2070 SUPER -Demo. Description: Grafikkort, PCI-Express 3.0, 8GB GDDR6, Turing",GeForce RTX 2070 SUPER -Demo,,GPU,GeForce RTX 2070 Super,8.0,,,,PCIe 3.0,,,,,,,GDDR6,,
29058570,Sandisk,SanDisk Cruzer Blade USB Flash Drive 128GB,"Shipped in 3 to 5 working daysCondition : New SanDisk USB Flash Drives offer a fast, convenient way to back up, share, carry and transfer your files. These flash drives provide enough space to store your photos, videos, music, and other personal files. With their pocket-sized designs and expansive capacities, SanDisk USB drives let you take your files wherever you go.Features:- Made to fit in your pocketWhat's in the box1 x SanDisk Cruzer 128GB FlashModel : SDCZ50-128G-B35",290.0,ZAR,1068990,https://www.egadgets.co.za/product/sandisk-cruzer-blade-usb-flash-drive-128gb,"SanDisk Cruzer Blade USB Flash Drive 128GB. Description: Shipped in 3 to 5 working daysCondition : New SanDisk USB Flash Drives offer a fast, convenient way to back up, share, carry and transfer your files. These flash drives provide enough space to store your photos, videos, music, and other personal files. With their pocket-sized designs and expansive capacities, SanDisk USB drives let you take your files wherever you go.Features:- Made to fit in your pocketWhat's in the box1 x SanDisk Cruzer 128GB FlashModel : SDCZ50-128G-B35",Cruzer Blade,SDCZ50-128G-B35,USB_STICK,,,128.0,,,,,,,,,,,,
50792597,Gigabyte,Gigabyte GeForce GTX 1660 SUPER OC 6GB Graphics Card,"GTX 1660 SUPER, 6GB GDDR6, Boost Clock 1860MHz, Dual Fan Cooling",214.98,GBP,1028734,https://www.ebuyer.com/915241-gigabyte-geforce-gtx-1660-super-oc-6gb-graphics-card-gv-n166soc-6gd,"Gigabyte GeForce GTX 1660 SUPER OC 6GB Graphics Card. Description: GTX 1660 SUPER, 6GB GDDR6, Boost Clock 1860MHz, Dual Fan Cooling",GeForce GTX 1660 SUPER OC,,GPU,GeForce GTX 1660 Super,6.0,,,,,,,,,,,GDDR6,,
20149069,Hewlett Packard Enterprise,Hewlett Packard Enterprise - HPE 1TB 6G SATA 7.2K 3.5in NETY HDD,Hewlett Packard Enterprise HPE 1TB 6G SATA 7.2K 3.5in NETY HDD (843266-B21),93.0,EUR,1054223,https://www.yritystenverkkokauppa.fi/hewlett-packard-enterprise-hpe-1tb-6g-sata/cat-p/c36320/p8538424,Hewlett Packard Enterprise - HPE 1TB 6G SATA 7.2K 3.5in NETY HDD. Description: Hewlett Packard Enterprise HPE 1TB 6G SATA 7.2K 3.5in NETY HDD (843266-B21),HPE 1TB 6G SATA 7.2K 3.5in NETY HDD,843266-B21,HDD,,,1000.0,,,SATA III,SATA,,,,,3.5-inch SATA,,,3.5in
46320085,Gigabyte,GIGABYTE GeForce RTX 3080 GAMING OC 10G GRAPHICS CARD (GV-N3080GAMING OC-10GD),To Avail the offer Click Here,73160.0,INR,1002037,https://www.pcstudio.in/product/gigabyte-geforce-rtx-3080-gaming-oc-10g-graphics-card,GIGABYTE GeForce RTX 3080 GAMING OC 10G GRAPHICS CARD (GV-N3080GAMING OC-10GD). Description: To Avail the offer Click Here,GeForce RTX 3080 GAMING OC 10G,GV-N3080GAMING OC-10GD,GPU,GeForce RTX 3080,10.0,,,,,,,,,,,,,
57965652,Palit,PALIT NE6166SS18J9-161F PALIT GeForce GT,PALIT NE6166SS18J9-161F PALIT GeForce GT,246.21,EUR,1051451,https://shop.selenal.lv/107117/palit-ne6166ss18j9-161f-palit-geforce-gt,PALIT NE6166SS18J9-161F PALIT GeForce GT. Description: PALIT NE6166SS18J9-161F PALIT GeForce GT,GeForce GT,NE6166SS18J9-161F,GPU,,,,,,,,,,,,,,,
